Index,Tweet,Tanggal,Jumlah Retweet,Username
105,- viral tiga siswa ntt aniaya guru kelas injak kepala hingga lempar kursi kronologi,2020-03-05 11:10:04,0,tribunnews
106,- viral unggah sesal istri judika bcl menang indonesian idol suami salah,2020-03-05 11:09:21,0,tribunnews
403,5 momen libur via vallen ranu manduro sedang viral,2020-02-29 14:17:34,1,liputan6dotcom
71,5 tempat wisata indonesia rusak viral medsos masuk ranu manduro via,2020-03-06 00:31:31,0,tribunnews
28,aan nur pratama bocah 12 tahun asal desa bapang panca lautang sidrap sulawesi selatan kerja memb,2020-03-06 15:08:08,20,detikcom
233,agam peristiwa jadi jabar hari mulai pasien tinggal cianjur pasti negatif corona hingg,2020-03-03 14:17:09,1,detikcom
317,ahli angkat bicara kena kabar viral nyata mpon-mpon tangkal virus corona,2020-03-02 07:46:33,1,kompascom
62,ahli jelas soal bahaya tisu basah leta tutup hidung mulut simak jelas,2020-03-06 04:54:04,17,kompascom
110,air masjid al mubarok kabupaten kalong bikin heboh dadak warna hijau terang sirup bag,2020-03-05 09:52:14,7,detikcom
160,air masjid al mubarok kabupaten kalong dadak warna hijau sirup viral serbu warga warga,2020-03-04 13:36:39,9,detikcom
33,air sumur bor gowa sulawesi selatan sulsel viral media sosial warna putih bersih s,2020-03-06 12:46:18,6,detikcom
255,air warna hijau terang alir keran masjid al-mubarok buat heboh warga kabupaten kalong s,2020-03-03 08:35:05,8,detikcom
244,air warna hijau terang alir keran masjid al-mubarok buat heboh warga kabupaten pekalon,2020-03-03 12:15:29,31,detikcom
115,air warna hijau terang sirup masjid al mubarok kabupaten kalong uji laboratorium apa hasil,2020-03-05 09:20:00,9,detikcom
96,akhir viral empon-empon bagai tangkap virus corona resep empon-empon telah sebar,2020-03-05 12:36:57,42,detikcom
477,aksi begal payudara viral medsos duga jadi jalan kedung sroko tambaksari surabaya ini polisi te,2020-02-28 07:44:19,12,detikcom
149,aksi driver ojol pakai masker anti-nuklir cegah virus corona viral aku tumpang,2020-03-05 01:18:05,0,tribunnews
331,aksi jumlah kemudi sebut viral media sosial polisi langsung turun tangan laku penind,2020-03-02 06:14:33,0,kompascom
304,aktris pevita pearce heboh netizen foto sama justin bieber unggah instagram-nya namu,2020-03-02 10:24:34,0,tempodotco
507,ali kopi kerja sama kecap bango luncur es kopi susu campur kecap bango begini asal mula ide,2020-02-28 00:18:05,134,kompascom
153,angka persentase pasien sembuh infeksi virus corona jauh lebih tinggi banding angka mati si,2020-03-04 22:18:33,13,kompascom
386,aski warga beri batas waktu laku dapat tabung gas sudah curi,2020-03-01 06:27:32,1,kompascom
65,atas jadi alam anelies imbau masyarakat waspada teliti beli masker -,2020-03-06 02:14:00,15,kompascom
35,awal kelompok saling ejek media sosial kemudian janji tawur taman buayah,2020-03-06 11:37:33,2,kompascom
289,awan tegas kemenkes sama lembaga akan gotong royong tanggulang sebar virus,2020-03-02 13:08:05,6,kompascom
257,ayu ting ting rupa orang nyanyi dangdut asal depok nama mulai kenal publik berkat lagu alamat palsu,2020-03-03 08:10:35,0,kompascom
509,bahkan hujan turun guyur tubuh pria baju batik coklat sama sekali tak anjak -,2020-02-27 14:59:00,3,kompascom
123,balas budi traktir makan malam hubung wanita pria nyata lanjut kini bah,2020-03-05 07:55:16,7,detikcom
239,banyak acara musik tunda batal wabah virus corona promotor acara everblast festival,2020-03-03 13:23:52,2,detikcom
525,banyak mereka rasa sedih tak lagi lihat garaga video panji beberapa antara jug,2020-02-27 10:12:08,8,detikcom
532,banyak orang dadak kolaps olahraga malam hari pilih jenis latih terlalu berat s,2020-02-27 07:31:38,56,detikcom
133,bareskrim polri turut pantau jual masker cara online daring,2020-03-05 06:34:05,0,kompascom
188,baru viral buah motor yamaha rx-king jual harga mobil rx-king tahun 2003 beli orang cinta,2020-03-04 09:14:56,7,detikcom
208,baru viral orang driver ojek online masker anti-radiasi nuklir driver ojol pakai masker,2020-03-04 06:02:30,24,detikcom
531,baru viral video tumpang naik ojol tenteng pasang sepatu sneakers kaki dib,2020-02-27 07:39:30,16,detikcom
187,batas fisik tak buat turiyan 47 patah semangat jalan hidup pria cacat kaki bisa buat k,2020-03-04 09:15:01,0,detikcom
460,beberapa media taiwan berita wni infeksi virus corona malah main tik tok bangsal i,2020-02-28 11:17:33,113,kompascom
448,beberapa tayang telah sensor sebut wni perempuan lihat joget nyanyi back,2020-02-28 14:32:00,3,kompascom
72,berita populer adalah tempat wisata rusak foto viral media sosial hingga tempat wisata,2020-03-05 23:34:03,1,kompascom
157,bikin heboh kali medina zein lihat memposting foto hijab instagram storiesnya waduw ken,2020-03-04 14:18:06,9,detikcom
314,bingung nih sakit siapa kok semua pakai masker yang sakit atau yang sakit kalian he,2020-03-02 08:15:00,779,TirtoID
11,breaking news karung misterius parit jalan soekarno hatta bikin heboh duga isi mayat manusia,2020-03-07 09:16:28,1,tribunnews
109,buah foto karcis parkir rp 10 ribu mobil makassar sulawesi selatan sulsel ramai bincang warganet,2020-03-05 10:06:02,3,detikcom
538,buah kisah cinta vietnam bukti cinta tak lihat harta jadi viral orang wanita baru tahu sang,2020-02-27 04:09:23,25,detikcom
195,buah momen viral jadi kanselir jerman angela merkel tolak jabat tangan menteri,2020-03-04 07:44:02,0,kompascom
53,buah pesan viral abar 2 suspek virus corona di camat karangnongko delanggu klaten dinkes set,2020-03-06 06:13:02,9,detikcom
333,buah tangkap layar sebar aplikasi pesan narasi sebut pasien suspect virus corona s,2020-03-02 05:33:14,13,detikcom
43,buah video duga tunjuk deret kan tong mayat isi korban covid-19 viral media sosial,2020-03-06 08:54:16,1,tempodotco
417,buah video lihat bbm campur air kendara buah spbu viral media sosial ikut p,2020-02-29 09:33:32,1,kompascom
410,buah video lihat bbm kendara motor roda campur air buah spbu viral d,2020-02-29 11:22:00,6,kompascom
200,buah video lihat buah mobil range rover tabrak orang kemudi ojek online ojol v,2020-03-04 07:27:02,1,kompascom
527,buah video lihat detik celaka maut edar viral media sosial korban ibu hamil kabar,2020-02-27 09:30:39,58,detikcom
40,buah video lihat orang ibu bayi antar polisi hendak rumah sakit terj,2020-03-06 09:40:00,4,kompascom
470,buah video orang pria seragam polisi jadi imam shalat jemaah makmum jumlah tahan dalam penj,2020-02-28 09:59:00,3,kompascom
90,buah video tampil orang kemudi ojek online online kena masker gas viral media sosial instagr,2020-03-05 13:28:32,1,kompascom
414,buah video tunjuk nasi bungkus lauk ikan lele sudah belatung polisi kata bakal m,2020-02-29 09:45:50,26,detikcom
375,buah video ular sarang dek bawah honda beat heboh dunia maya video durasi 2 menit sebut ter,2020-03-01 08:56:42,12,detikcom
144,buah video viral media sosial tampil jumlah hewan ternak hingga kucing tewas dadak,2020-03-05 03:46:05,0,tempodotco
27,bupati sukabumi marwan hamami aku siap jadi orang tua asuh febby lissa ayu aryanti 17 gadis asal suk,2020-03-06 15:31:16,25,detikcom
445,buru di-share cek benar cari info benar salur tepat check and reche,2020-02-28 15:31:30,6,detikcom
474,calon istri mike lewis janisaa pradjaparamita aku nikah sederhana,2020-02-28 08:57:34,0,kompascom
385,cerita mahasiswa wisuda bawa sayur dagang sadar diri viral acara wisuda selesai via,2020-03-01 06:29:29,3,tribunnews
405,cerita mahasiswi ui jadi viral bagi twitter dia tinggal kampus jumlah pri,2020-02-29 12:51:30,5,detikcom
108,cerita suami meni bulukumba sulawesi selatan sulsel ramai bincang di media sosial pasal,2020-03-05 11:00:55,2,detikcom
347,cerita warga kunjung ranu manduro mojokerto viral,2020-03-02 03:14:41,0,liputan6dotcom
183,cewek sulawesi sesal jadi pacar gelap pria istri nikah ancam gagal aib malah viral,2020-03-04 09:34:30,1,tribunnews
360,culametan met met pertama kali viral gaya bicara sosok bocah nama risa lucu kini makin viral,2020-03-01 14:08:46,16,detikcom
247,dai kondang aa gym khawatir hadap virus corona masuk indonesia pun menya,2020-03-03 11:35:12,10,detikcom
270,dai kondang abdullah gymnastiar aa gym khawatir hadap virus corona indonesia pun me,2020-03-03 05:27:51,7,detikcom
156,data banyak pasien tinggal belum milik sakit lain ka,2020-03-04 14:31:32,25,kompascom
250,denny caknan sorot banyak media lalu lagu cipta judul kartonyono medot janji lagu genre koplo,2020-03-03 11:09:09,4,detikcom
118,deret fakta video viral pria mesum minimarket bandung foto bawah rok perempuan via,2020-03-05 08:49:16,0,tribunnews
137,di-like banyak 48 ribu kali gambar guru sd purworejo dadak viral media sosial,2020-03-05 06:10:11,0,tribunnews
203,dian masker hand sanitizer kabupaten cirebon mulai alami langka sebut duga,2020-03-04 07:05:44,3,detikcom
9,drama selingkuh rumah tangga pasutri buat heboh dunia maya sang suami hendrik pilih roboh bangu,2020-03-07 10:06:43,15,detikcom
46,edar informasi media sosial tisu basah guna bagai ganti masker dokter abas suherli,2020-03-06 07:39:00,7,kompascom
66,edar surat palang merah indonesia pmi jatim nyata 65 warga jatim suspect virus corona namu,2020-03-06 01:53:11,6,detikcom
134,edar video kepala desa pns pandeglang ajak warga dukung bupati irna narulita periode dua,2020-03-05 06:29:41,2,detikcom
368,edar video media sosial tunjuk celaka kawasan bsd celaka adalah celaka untun,2020-03-01 10:31:38,3,detikcom
311,empat kendara mobil buat video iring mobil zig-zag tiktok tilang empat pengendar,2020-03-02 08:57:21,6,detikcom
373,empat pasang pengantin langsung resepsi nikah hari waktu tempat sama lapang sepak bol,2020-03-01 09:12:00,3,kompascom
358,empat pasang pengantin rupa ibu tiga putri meni bareng camat rajadesa kabupaten ciamis,2020-03-01 14:27:00,9,kompascom
485,es kopi susu kecap bango ingin bukti kecap bango milik bahan murni kedelai hit,2020-02-28 05:32:00,9,kompascom
308,fakta benar kena ranu manduro viral bukan tempat wisata unjung minta waspada via,2020-03-02 09:39:27,2,tribunnews
327,fakta tarik ranu manduro mojokerto video viral semat feeling good,2020-03-02 06:35:54,0,tribunnews
209,fakta viral celaka anak sma kemudi range rover vs driver ojol yogya jarak terlalu dekat lewat,2020-03-04 05:54:00,0,tribunnews
117,febby lissa ayu aryanti 17 genggam pensil warna jari jemari lincah gambar atas kertas gadis canti,2020-03-05 09:02:16,36,detikcom
407,foto ambil fotografer nama rodrigo kunstmann tampil bayi perempuan baru ambil d,2020-02-29 12:25:00,14,kompascom
111,foto unjung candi angkor wat kamboja kala heboh corona,2020-03-05 09:46:28,0,liputan6dotcom
285,foto viral jual es krim keliling probolinggo tinggal atas sepeda motor honda,2020-03-02 13:58:46,6,tribunnews
75,gadis cantik jago gambar asal sukabumi febby lissa ayu aryanti 17 putus sekolah tiada biaya ij,2020-03-05 21:27:12,20,detikcom
367,gara-gara tiktok selfie lebih ponsel wanita banting sang bos hingga hancur via,2020-03-01 11:06:13,8,tribunnews
288,gubernur jawa barat ridwan kamil turun depok ecek situasi kota satelit jakarta telah heboh penulara,2020-03-02 13:29:56,2,detikcom
212,gubernur jawa tengah ganjar pranowo buat heboh acara d youthizen detikcom goes to campus universitas sebelas,2020-03-04 05:47:45,15,detikcom
455,guru i sempat nonaktif sman 12 bekas kini mutasi sma cibarusah kabupaten bekas,2020-02-28 12:41:51,2,detikcom
439,guru viral pukul murid sman 12 bekas mutasi cibarusah,2020-02-29 01:51:32,0,tempodotco
418,harus aku rumah sakit indonesia belum betul ready ruang isolasi spesifik case ka,2020-02-29 09:26:14,122,detikcom
422,harus terus gencar etika ber-krl tertib harus tegur harus tugas ujar anne gt,2020-02-29 07:59:00,11,kompascom
107,hati dry ice selegram cantik rusia bikin pesta ulang tahun kolam renang 25 kg es kering aki,2020-03-05 11:02:09,19,detikcom
175,heboh bakso duga campur tikus polisi beber hasil lidi via,2020-03-04 10:56:28,0,tribunnews
473,heboh foto pesawat baru presiden media sosial kata istana,2020-02-28 09:17:37,2,liputan6dotcom
442,heboh jokowi sewa pesawat khusus garuda buat amerika,2020-02-28 22:33:02,27,VIVAcoid
5,heboh kira isi mayat manusia karung parit jalan soekarno hatta isi bangkai anjing via,2020-03-07 11:30:11,0,tribunnews
163,heboh mahal beli masker rp330 ribu nyata kotor begini terang produksi lokasi via,2020-03-04 12:37:21,1,tribunnews
291,heboh masker borong warga masyarakat minta tak panik,2020-03-02 12:41:36,16,CNNIndonesia
351,heboh medsos ibu tiga anak langsung resepsi nikah lapang bola cara sama undang 1 5,2020-03-02 01:05:03,4,kompascom
54,heboh tampak baru lucinta luna duga sel tahan,2020-03-06 06:06:02,0,liputan6dotcom
166,heboh temu sosok sebut tuyul ciamis mui ciamis tegas benda mistis apa jangan dipercay,2020-03-04 12:14:30,2,detikcom
261,heboh virus corona akhir paksa perintah tunda beri insentif turis asing beri insent,2020-03-03 07:54:24,5,detikcom
329,heboh virus corona hantam nilai tukar rupiah gubernur bi perry warjiyo aku laku bagai,2020-03-02 06:22:38,13,detikcom
32,heboh virus corona indonesia direspon cara positif salah satu masjid nasional al-akbar sur,2020-03-06 12:46:25,4,detikcom
282,hendry causa sibala viral media sosial medsos awa mirip wolverine bagaimana cerita pria asal,2020-03-02 17:09:24,81,detikcom
281,hendry kata akun milik kena suspend wajah lolos verifikasi via foto selfie akibat gaga,2020-03-02 20:41:12,3,detikcom
514,hujan turun guyur tubuh pria baju batik coklat sama sekali tak anjak tetap patung tid,2020-02-27 14:12:00,1,kompascom
384,ibu tiga anak ciamis jawa barat nikah bareng lapang sepak bola,2020-03-01 06:33:02,34,kompascom
326,ibu tiga putri gelar resepsi nikah bareng lapang bola ciamis jawa barat dandan empa,2020-03-02 06:44:01,3,detikcom
269,ikram 22 buat heboh tetangga usai susul pacar sedang hamil tn 20 heboh jadi,2020-03-03 05:35:43,1,detikcom
36,ikut beberapa rsud dr soewandhie surat klarifikasi yang terima,2020-03-06 11:10:32,0,kompascom
196,imbas heboh virus corona 451 pasien periksa rspi sulianti saroso,2020-03-04 07:42:59,2,tribunnews
321,indah ranu manduro viral medsos sebut mirip new zealand via,2020-03-02 07:24:54,2,tribunnews
22,indonesia heboh virus corona tengah perhati hadap covid-19 pasien tinggal d,2020-03-06 23:36:14,16,detikcom
301,indonesia tengah heboh bukti 2 wni positif virus corona soal ikut tanggap kadispare,2020-03-02 11:00:48,5,detikcom
180,ini kasus sudah selesai selesai cara keluarga korban kabar tinggal tidak ben,2020-03-04 10:02:00,4,kompascom
416,ironis video durasi 5 menit sebut korban lihat usaha lari cari lindung pol,2020-02-29 09:39:00,12,kompascom
389,istri kepala bappenas nurhayati monoarfa klarifikasi soal ojol bakal batas,2020-03-01 06:16:32,0,tempodotco
263,isuzu panther jadi bincang utama usai video viral peristiwa banjir januari lalu kemun,2020-03-03 07:29:02,0,kompascom
312,jagat media sosial kali heboh foto viral orang pria punya tampang awa sangat mirip wol,2020-03-02 08:22:22,57,detikcom
458,jagat media sosial twitter heboh surat edar its isi area bebas kucing bahkan unggah sudah diretwee,2020-02-28 12:02:26,2,detikcom
73,jual nasgor wonosobo jadi kenal wajah mirip anies baswedan warung makin ramai beli k,2020-03-05 23:32:45,133,detikcom
38,jumlah cara klaim bagai alternatif masker muncul masuk video buat masker alternatif tis,2020-03-06 10:37:00,5,kompascom
294,kabar corona ri jumlah toko obat alat sehat serbu tak itu toko swalayan dip,2020-03-02 12:31:11,216,detikcom
357,kabar media sosial bayi 5 bulan culik ujung proses hukum si ibu aku hilang bayi rup,2020-03-01 14:41:11,19,detikcom
119,kades mandalsari yudi kusnandar aku ia di video sama warga pns seru dukung du,2020-03-05 08:44:15,2,detikcom
57,kait masker bekas jual faticha kasus sebut ini usut polda dae,2020-03-06 05:29:00,4,kompascom
508,kajol jadi bincang dunia maya usai raya nikah ke-21 itu kajol ajak suami selfie,2020-02-27 23:17:20,6,detikcom
412,kalau lihat bungkuk jalan pakai tongkat dia bisa beri nafkah lahir batin sambung lura,2020-02-29 10:53:00,50,detikcom
534,kapolresta balikpapan kombes pol turmudi tak kuasa tahan air mata temu enam bocah yatim piatu te,2020-02-27 06:47:00,3,kompascom
162,karung buka mayat perempuan kena pakai kondisi ritsleting celana korban lihat buka,2020-03-04 12:40:37,5,detikcom
298,kasus covid-19 indonesia buat warga panik buru masker habis stok masker cara buat mas,2020-03-02 11:42:40,212,detikcom
452,kasus mahasiswi ui leceh area kampus depok viral pundak korban sempat sentuh via,2020-02-28 13:40:14,4,tribunnews
398,kata rs sulianti saroso soal foto viral tugas medis pakai lengkap tangan pasien corona,2020-03-01 01:05:31,3,liputan6dotcom
319,keluarga migran indonesia banyuwangi resmi somasi dangdut lagu corona viral media sosial somasi j,2020-03-02 07:43:50,6,detikcom
345,kepala dinas pariwisata pemuda olahraga mojokerto kata area ranu menduro kawasan tambang a,2020-03-02 03:44:01,5,kompascom
348,kepala dinas pariwisata pemuda olahraga mojokerto kata area ranu menduro sebut kawasan pertamb,2020-03-02 03:07:01,11,kompascom
328,kepala dinas pariwisata pemuda olahraga mojokerto susilo kata area sebut kawasan tam,2020-03-02 06:32:00,8,kompascom
296,kepala disparpora kabupaten mojokerto susilo ban tutup kawasan ranu manduro mojokerto,2020-03-02 12:07:02,3,kompascom
50,ketua pp muhammadiyah haedar nashir jadi korban hoax muncul gambar diri kata larang warga,2020-03-06 06:38:56,9,detikcom
60,kira arsitek guru viral gambar perspektif 2 titik lenyap aku ajar youtube via,2020-03-06 05:08:47,2,tribunnews
350,kisah balik viral kedai solo makan puas bayar ikhlas pernah tak langgan lewat,2020-03-02 01:33:41,3,tribunnews
363,kisah satu keluarga nikah bareng ciamis awal obrol iseng hingga viral medsos lewat,2020-03-01 11:12:38,0,tribunnews
387,kisah viral kakek 103 tahun nikah gadis 30 tahun sang mempelai pria bukan sosok sembarang lewat,2020-03-01 06:26:06,4,tribunnews
528,kisah viral kemudi mobil senggol mobil ambulans buat ramai sosial media bagaimana tangap salah,2020-02-27 09:28:03,2,kompascom
433,kisah viral pria curi susu anak dengar ke ganjar pranowo dinsos jateng,2020-02-29 05:07:03,0,tribunnews
441,kisah viral pria curi susu anak dengar ke ganjar pranowo dinsos jateng via,2020-02-28 23:25:31,1,tribunnews
369,kjri jeddah ban kabar viral media sosial ada jumlah jemaah umrah asal indonesia infeksi,2020-03-01 10:16:32,1,tempodotco
238,kocak gegara virus corona popok bayi via,2020-03-03 13:25:20,0,tribunnews
226,konon kata kandung jahe merah kuat sistem imun virus corona mudah masuk tubuh,2020-03-04 00:49:59,79,detikcom
64,kronologi seteru ojol debt collector viral hingga kantor leasing rusak oknum,2020-03-06 02:39:56,0,tribunnews
280,kronologi tenar dadak ranu manduro viral hingga tutup,2020-03-03 00:50:00,1,liputan6dotcom
297,kue pengantin konsep upside down balik sempat jadi viral buat kue nyata dirancan,2020-03-02 11:57:02,2,detikcom
520,lagu barat populer tahun bisa jadi teman santa apa lagu,2020-02-27 11:47:15,3,detikcom
364,lagu corona viral nyata rilis samudra record lagu nyanyi alvi ananta tuai banyak komenta,2020-03-01 11:08:47,11,detikcom
377,laku baca balik tabung gas kami iba lihat laku mungkin butuh uang c,2020-03-01 08:39:00,4,kompascom
430,laku begal pedang dagang nasi uduk palembang akhir tangkap aksi laku sempat viral media,2020-02-29 06:05:29,3,detikcom
535,lelang tender proyek promosi akun media sosial nila rp 2 6 m polri viral media sosial apa kata polri,2020-02-27 05:51:33,8,detikcom
356,lokasi wisata ranu manduro dusun manduro mojokerto jawa timur tutup umum sempat viral medi,2020-03-01 16:54:32,132,kompascom
51,lucinta luna geger publik tangkap kait kasus penyalahgunaan narkoba kali dia memb,2020-03-06 06:28:44,2,detikcom
252,majelis ulama indonesia mui larang timbun barang tengah krisis virus corona indonesia sebut d,2020-03-03 11:08:45,13,detikcom
242,masker aneh pakai driver gojek viral media sosial via,2020-03-03 13:06:38,5,tribunnews
44,masker jadi buru tengah heboh virus corona covid-19 padahal beberapa barang yang lebih penting,2020-03-06 08:36:33,0,detikcom
230,mata air susu bikin heboh tanah bugis,2020-03-03 20:11:26,1,liputan6dotcom
343,media sosial facebook warganet sumedang harap satpol pp kembali aman odgj kerap meresahka,2020-03-02 04:03:02,0,kompascom
74,media sosial heboh masker bekas jual di yogyakarta apa cerita,2020-03-05 22:55:02,7,kompascom
429,media sosial viral pesan sebut 136 pasien awas virus corona tulis bahwa pasien pengawasa,2020-02-29 06:31:52,96,detikcom
103,mempelai pria pinang orang perempuan idam hati nyata jenis kelamin perempuan gt,2020-03-05 11:39:00,0,kompascom
370,mikaela spielberg putri sutradara steven spielberg bikin heboh usai aku jadi bintang film porno kini i,2020-03-01 10:00:00,6,detikcom
102,milik toko sembako teluk gong jaring jakarta utara dadak viral aksi tak mau rau,2020-03-05 11:46:04,11,kompascom
302,mirip wolverine ayah tiga anak toraja viral media sosial via,2020-03-02 10:59:09,6,tribunnews
229,misyanto 66 orang jual es keliling temu tinggal atas motor bebek guna berjuala,2020-03-03 22:55:39,5,detikcom
55,mobil residivis curanmor hasil kejar henti paksa mobil kunci letter t miras,2020-03-06 06:01:33,1,kompascom
518,model cantik sangat kejut orang gemar kirim video mana potong lidah bukti,2020-02-27 12:20:13,4,detikcom
469,momen haru jadi nikah pasang sukabumi ayah mempelai pria juang keras hadir nikah,2020-02-28 10:07:47,15,detikcom
411,muhammad puang katte kakek usia 103 tahun butuh windu lepas status duda muhammad lepas sta,2020-02-29 11:08:31,9,detikcom
374,muhammade kakek usia 103 tahun nikah orang perempuan nama indo ajeng 30 usia paut 73 tah,2020-03-01 09:07:00,2,kompascom
484,mula sandal viral video cek cok guru siswa sma negeri lamongan polisi turun tangan,2020-02-28 06:07:59,0,tribunnews
365,musabab empat mempelai wanita meni orang ibu tiga puter,2020-03-01 11:07:00,5,kompascom
309,naik drastis jual masker kota purwokerto tingkat tajam usai wabah corona masuk indonesia harga maske,2020-03-02 09:25:46,80,detikcom
318,nama ranu manduro jadi viral sebut mirip pandang new zealand nyata lokasi sebut bekas area,2020-03-02 07:45:04,6,kompascom
467,nama sama tahan yang minta rekam jadi yang ingin terlih,2020-02-28 10:17:00,1,kompascom
228,narasi suara dalam video viral sebut pasien duga suspect corona akan bawa ruang isolas,2020-03-04 00:07:03,1,kompascom
492,nasib 6 bocah yatim piatu viral tinggal orangtua sama kini hidup nenek lewat,2020-02-28 04:10:48,2,tribunnews
483,netizen heboh unggah video lihat jual nasi goreng mirip anies baswedan apa benar pe,2020-02-28 06:08:28,33,detikcom
503,netizen twitter heboh kedai ali kopi luncur es kopi susu campur kecap bango iklan foto es kopi susu,2020-02-28 01:05:22,6,kompascom
488,netizen twitter heboh kedai ali kopi luncur es kopi susu campur kecap bango penasaran rasa es,2020-02-28 04:49:00,1,kompascom
86,nikah bulukumba sulsel viral medsos istri pertama mengantas suami pelamin nyata istri,2020-03-05 14:01:16,5,detikcom
378,nikah empat pasang masih satu keluarga tuai heboh media sosial,2020-03-01 08:08:03,9,kompascom
382,nikah kakek 103 tahun perempuan paut 73 tahun usia edar media sosial gt,2020-03-01 06:49:00,8,kompascom
59,nikah siri bengkulu viral identitas mempelai pria ungkap nyata wanita wamenag zainut tauhid,2020-03-06 05:28:45,2,detikcom
112,nikah siri dua perempuan akhir batal salah satu mempelai aku pria kena se,2020-03-05 09:41:34,0,kompascom
45,nilai masyarakat terlalu heboh awan batuk pilek angka mati lebih tinggi corona,2020-03-06 08:08:17,0,tribunnews
231,nyata air warna hijau terang muncul kran masjid al mubarok kalong muncul buah sumur,2020-03-03 15:34:50,6,detikcom
393,nyata kakek 103 tahun bukan orang sembarang tahu rupa mantan juang merdeka era,2020-03-01 04:45:32,2,kompascom
383,nyata tonton orang tidur jadi salah satu hibur masyarakat china ini,2020-03-01 06:45:34,1,kompascom
213,ojol guna masker anti-nuklir tengah ramai berita virus corona masker tak sembarang ka,2020-03-04 05:42:51,103,detikcom
42,orang dokter jabat sehat as viral alas ia imbau jangan sentuh wajah hindar virus,2020-03-06 09:12:14,8,detikcom
339,orang ibu temu tubuh putri tak nyawa geletak bak mandi sengat listrik gadis ber,2020-03-02 04:35:16,7,VIVAcoid
376,orang ibu tiga puter langsung resepsi nikah hari waktu tempat sama di lapang,2020-03-01 08:49:00,9,kompascom
292,orang ibu tiga putri gelar resepsi nikah bareng ide cetus sang ibu eti melonta,2020-03-02 12:38:18,8,detikcom
126,orang milik toko kawasan teluk gong jakarta utara dadak viral milik toko viral video,2020-03-05 07:41:25,31,detikcom
204,orang pria cacat kabupaten malang tengah jadi bincang media sosial pria sebut tak jalan,2020-03-04 06:53:54,4,detikcom
519,orang pria identitas diri lama 7 jam desa kawedusan camat kebumen tidak anjak walaupun,2020-02-27 12:01:01,1,kompascom
390,orang pria kopi hangat selamat kucing beku tengah musim dingin aksi membu,2020-03-01 05:31:44,128,detikcom
444,orang pria tiba datang laku masturbasi kompleks pertamina asset 2 prabumulih video tak senonohn,2020-02-28 15:44:02,0,kompascom
267,orang remaja usia 17 tahun filipina ira hamil ikan nyata derita kista ovariu,2020-03-03 06:27:15,53,detikcom
271,orang usaha tajir asal taiwan jadi viral aku tinggal rumah 8 lantai sama 4 istri,2020-03-03 05:22:20,218,detikcom
26,orang wanita bengkulu menang malam pertama nikah sadar sang mempelai pria orang,2020-03-06 15:35:11,19,detikcom
521,orang wanita inisial fms tabrak ibu hamil er 26 hingga tewas sedang ajar kemudi palmerah,2020-02-27 10:45:50,46,detikcom
24,pablo benua sempat aku marah uploader tahu video wawancara galih ganjar naik tak,2020-03-06 20:31:58,1,detikcom
303,padahal flu batuk pilek biasa jadi kita angka mati lebih tinggi yang corona,2020-03-02 10:36:06,1186,detikcom
346,padang savana tempat lokasi bekas area tambang sirtu sebut tutup milik lahan pt wira b,2020-03-02 03:32:00,40,kompascom
355,pancing asal parigi kabupaten pangandaran jawa barat hasil dua ekor ikan marlin hitam bobot,2020-03-01 17:01:20,45,detikcom
181,panic buying jadi salah satu efek timbul akibat wabah virus corona indonesia beberapa faktor,2020-03-04 09:53:57,7,detikcom
259,pasar jatinegara jakarta timur selasa 3 3 2020 harga jahe merah tembus hingga rp 70 000 kg yang,2020-03-03 07:59:20,47,detikcom
37,pasien bpjs curhat sulit akan obat rsud dr soewandhie surabaya viral media sosial facebook,2020-03-06 10:55:00,1,kompascom
94,pasien sebut positif corona fakta sakit paru,2020-03-05 13:06:20,1,republikaonline
215,pasien sebut suspect corona rumah sakit dradjat prawiranegara rsdp serang nyata sakit paru pas,2020-03-04 05:21:14,7,detikcom
251,pemkab cirebon ajak masyarakat tak perlu panik belanja butuh pokok kait masuk virus corona,2020-03-03 11:09:01,3,detikcom
101,pengantin wanita kritik netizen curi pacar kakak nikah apa sih cerita,2020-03-05 12:00:16,5,detikcom
99,perempuan sebut dandan layak pengantin pria lengkap kena jas aku bagai pria,2020-03-05 12:12:00,0,kompascom
179,perintah desa jambang camat dampit kabupaten malang ban tak perhati turiyan rupa pri,2020-03-04 10:13:26,2,detikcom
305,perintah kabupaten mojokerto larang kunjung warga ranu manduro saja unjung w,2020-03-02 10:05:00,5,kompascom
211,pesta parulian kata pasien derita penumonia sakit paru ini pasien sedang dira,2020-03-04 05:51:02,1,kompascom
193,pidato viral sampai menteri sehat singapura gan kim yong imbau tiap orang ter,2020-03-04 08:11:48,2,tempodotco
443,pihak spbu jelas hal sebab ada bocor tangki tampung bbm pertamax,2020-02-28 15:47:39,7,detikcom
173,polda kepri awas pusat belanja wilayah polisi pantau jual masker antiseptik barang keb,2020-03-04 11:01:12,3,detikcom
340,polisi ecek video viral tunjuk nasi bungkus lauk ikan lele sudah belatung,2020-03-02 04:27:30,4,detikcom
287,polisi hadiah surat tilang empat kendara mobil buat video tik tok underpass kentung ha,2020-03-02 13:38:32,14,detikcom
300,polisi tilang empat mobil kait video tiktok mobil zig-zag underpass kentung viral medsos polis,2020-03-02 11:16:18,14,detikcom
69,populer foto suka 48 ribu kali gambar guru sd purworejo dadak viral media sosial,2020-03-06 00:54:21,0,tribunnews
354,populer nusantara kali isi jumlah berita antara kakek nikah gadis 30 tahun pria sebar vid,2020-03-01 23:17:04,0,kompascom
6,populer viral video tumpu mayat pasien corona iran geletak rekam tindak polisi,2020-03-07 11:19:13,1,tribunnews
140,pos pantau rspi sulianti saroso terima 451 pasien periksa diri kait virus corona padahal awalny,2020-03-05 04:54:38,13,detikcom
440,presiden fifa gianni infantino sepakat debat atur offside var cuma panas inggris ia dukung a,2020-02-28 23:41:53,4,detikcom
262,pria domisili klaten jawa tengah sebut tutur memang benar film padar buat siswa-,2020-03-03 07:45:00,7,kompascom
459,pria hari kerja bagai jual es gepeng cerita ia beli susu harga rp 37 000 nam,2020-02-28 11:37:02,7,kompascom
172,pria india ancam penjara viral buah video lihat diri mungut say,2020-03-04 11:24:17,8,detikcom
258,pria tajir taiwan jadi kontroversi aku poligami empat istri buat empat istri,2020-03-03 08:01:16,16,detikcom
245,pukul kepala hingga kaki tendang viral video jual asong cacat usir satpam,2020-03-03 11:51:22,2,tribunnews
306,putra ahmad dhani maia estianty dul jaelani laku antisipasi tetap sehat tengah heboh corona begi,2020-03-02 09:50:11,0,detikcom
190,ramayana jadi viral tetap jual masker hand sanitizer harga normal tindak ramayana terseb,2020-03-04 09:02:05,893,detikcom
379,ranu manduro mojokerto viral unjung membludak akhir pekan,2020-03-01 08:07:34,4,liputan6dotcom
325,ranu manduro viral media sosial beberapa waktu lalu pandang indah lokasi bahkan disebut-,2020-03-02 06:49:00,13,kompascom
31,rekam video tunjuk asteroid jatuh tabrak gunung rap telah jadi viral media daring gt,2020-03-06 12:49:00,5,kompascom
451,rencana bawa pria ke kantor polisi batal polisi dengar cerita ia curi susu anak,2020-02-28 13:52:00,8,kompascom
310,rey aku khawatir kondisi anak saat tak sama harap anak ada baik-ba,2020-03-02 09:20:57,3,detikcom
264,ri heboh corona satu sisi perintah sedang laku upaya jaring banyak wisatawan asing,2020-03-03 07:11:51,12,detikcom
515,ribut security mal medan driver ojol sebut rekam video edar luas media sosia,2020-02-27 14:10:34,0,kompascom
77,rsud dr soewandhie ban isi video viral pasien bpjs sulit obat ikut,2020-03-05 15:18:45,0,detikcom
223,rupa beberapa orang punya trik sendiri lho tangkal virus corona yang tangan dipkastikin bahkan ad,2020-03-04 03:04:50,8,detikcom
372,saat virus corona makin wabah dunia banyuwangi muncul lagu koplo judul corona lagu dinyanyik,2020-03-01 09:20:13,2,detikcom
216,saja aksi lakon kelompok ajar smk cianjur guna topeng main kertas lantara,2020-03-04 05:08:03,4,detikcom
155,salwa jadi viral dalam video tertawa tiap dengar suara ledak bom,2020-03-04 15:01:02,1,kompascom
268,sebar virus corona sudah masuk indonesia buat stok masker banten jadi langka langka terj,2020-03-03 05:58:05,2,detikcom
227,sejak wni warga negara indonesia nyata positif virus corona desy ratnasari himbau tidak panik,2020-03-04 00:27:55,3,detikcom
482,sempat viral 5 tantang kini malah risiko mati,2020-02-28 06:14:03,1,liputan6dotcom
17,sentuh hati viral potret dokter teman pasien corona lihat matahari benam,2020-03-07 05:17:02,4,liputan6dotcom
491,senyum baim wong temu dengan nurul sopir angkot viral hingga tumpang turun minta foto,2020-02-28 04:14:29,0,tribunnews
138,seragam sekolah tidak sekolah tiap hari ganti sekolah satu sekolah dia ju,2020-03-05 05:57:58,3,detikcom
413,singgung kait biar anggota peristiwa aniaya tewas yunus sebut kak,2020-02-29 10:42:00,14,kompascom
120,sosok febby lissa ayu aryanti 17 tengah ramai bincang warganet remaja jago luk sketsa,2020-03-05 08:41:19,88,detikcom
150,sosok susanna milik toko viral tolak beli mau borong dagang lewat,2020-03-05 01:07:20,1,tribunnews
256,staf medis kerja sangat keras rang virus corona tak sedikit mereka bahkan lupa waktu beris,2020-03-03 08:13:04,25,detikcom
158,stok masker hand sanitizer wilayah kabupaten sumedang mulai sulit kondisi duga akibat,2020-03-04 14:03:12,2,detikcom
7,suami ponorogo hancur rumah istri selingkuh video viral kasus rupa jadi malang,2020-03-07 11:14:13,1,tribunnews
145,sumur bor sumber kolam susu viral warga datang semut,2020-03-05 03:44:02,0,VIVAcoid
476,surat edar institut teknologi puluh nopember viral medsos pasal surat edar buat its 26 februar,2020-02-28 08:09:59,8,detikcom
98,surat edar lowong kerja keluar kemendikbud viral media sosial ini ada syarat,2020-03-05 12:15:25,10,detikcom
481,surat edar tanggal 26 februari isi bebas kucing area kampus viral medsos begini tanggap pihak its,2020-02-28 06:24:11,5,detikcom
61,tahu bahwa terlalu sering oles tangan hand sanitizer tidak baik kulit tangan,2020-03-06 04:57:33,7,kompascom
235,tak takut virus corona viral video warga iran jilat dinding tempat ibadah,2020-03-03 14:01:03,4,liputan6dotcom
392,telah heboh rilis lagu sebut tiba video lagu sebut hilang youtube,2020-03-01 04:45:56,1,VIVAcoid
97,tempat milik pandang nan indah ubah kejap dadak foto video viral,2020-03-05 12:22:05,3,kompascom
82,tengah heboh corona kemenkes ingat warga waspada dbd,2020-03-05 14:37:34,4,tempodotco
222,tengah heboh virus corona jahe merah banyak cari masyarakat harga tembus rp 70 000 kg,2020-03-04 03:10:23,27,detikcom
141,tengah heboh wabah virus corona idris ajak warga rajin salat doa juga sebut wudu,2020-03-05 04:48:43,189,detikcom
159,tengah konflik kaum muslim hindu india muncul video viral sebut wanita muslim campur urine,2020-03-04 13:57:03,11,detikcom
116,tetangga wni positif virus corona sesal nyata wali kota depok syok data pasien viral,2020-03-05 09:17:32,1,tribunnews
197,tiara idol jadi pacar putra maia estianty amp anang hermansyah pergok rebut heboh,2020-03-04 07:39:26,0,tribunnews
415,tiba lokasi justru warga anggap yunus tabrak damianus babi sebut hingga tewas war,2020-02-29 09:45:00,4,kompascom
334,tiga mobil warna hitam liuk cara ganti sembari lintas underpass kentung sleman,2020-03-02 05:21:04,1,kompascom
498,tim ditreskrimum polda bal tangkap laku keroyok video jadi sempat viral media sosial,2020-02-28 02:03:42,0,detikcom
359,tim rias pengantin kerja ekstra rias ibu tiga putri meni sama,2020-03-01 14:12:00,11,kompascom
362,tim rias pengantin kerja ekstra rias ibu tiga putri meni sama ciamis baga,2020-03-01 11:17:03,7,kompascom
523,tindak polisi pegang ular waktu lapor kondisi banjir laku cara spontan pasal ada b,2020-02-27 10:32:00,0,kompascom
427,tinggal pasien suspect corona semarang bikin heboh nilai beda terang menteri keseha,2020-02-29 07:11:48,80,detikcom
254,tisu basah jadi masker kena debu nempel semua kan basah luar kalau bilang ya kita,2020-03-03 09:24:04,10,detikcom
338,tragedi wanita tato mata akhir buta jadi berita populer akhir pekan simak ulas cerita beri,2020-03-02 04:49:13,15,detikcom
472,tren minum kopi begitu pesat beberapa tahun belakang buat usaha kopi buat inovasi,2020-02-28 09:32:22,1,VIVAcoid
52,trending twitter viral tampak sunyi ka bah akibat virus corona kata perintah saudi,2020-03-06 06:13:08,1,tribunnews
113,tribunnewswiki - kenal ramayana viral jual masker harga normal via,2020-03-05 09:35:54,0,tribunnews
93,tubuh ambruk kendara tetap tegak 4 fakta viral jual es keliling tinggal atas motor,2020-03-05 13:13:15,3,tribunnews
168,turiyan 47 lahir bagai laki normal hingga kelas 2 sd saat main sungai jepit batu hingg,2020-03-04 12:07:03,9,detikcom
154,turiyan cerita soal alat bantu ia untuk aktivitas turut alat mirip mobil lebi,2020-03-04 17:20:35,6,detikcom
210,tutur salah satu guru pesantren itu jumlah wali murid datang bawa acara juga media,2020-03-04 05:51:03,4,kompascom
272,unggah video tidur pria jadi viral raup rp 155 juta,2020-03-03 04:17:03,1,liputan6dotcom
349,unjung beludak viral wisata ranu manduro feeling good tutup,2020-03-02 03:06:19,0,tribunnews
423,usia sudah pasuk 103 tahun tak halang muhammad alias puang katte meni tinggal meningg,2020-02-29 07:57:06,26,detikcom
58,video ajar duga adu kelah edar media sosial medsos tampak ajar kelah,2020-03-06 05:28:47,2,detikcom
283,video aksi duga leceh seksual rekam kamera cctv mini market ada jalan gatot subroto lengkong,2020-03-02 15:08:20,35,detikcom
19,video beberapa tempat wisata rusak viral media sosial,2020-03-07 04:35:01,1,liputan6dotcom
342,video burung terbang kabin pesawat tumpang heboh,2020-03-02 04:09:32,0,liputan6dotcom
48,video durasi 1 menit potensi kelabu publik pasal informasi bagi tidak bena,2020-03-06 07:12:00,18,kompascom
471,video durasi 3 menit 34 detik lihat pria sebut khusuk imam salat dan dengar,2020-02-28 09:52:00,1,kompascom
516,video durasi lima menit orang warganet grup facebook narasi video sebut pria ikat tali,2020-02-27 13:06:57,4,detikcom
100,video edar luas facebook hingga youtube saksi ribu itu orang perempuan memp,2020-03-05 12:05:03,8,kompascom
47,video guru siswa smk basah rang sungai berangkat sekolah viral media sosial,2020-03-06 07:22:53,26,detikcom
0,video guru siswa smk malu utara rang sungai kawata deras berangkat sekolah viral,2020-03-07 14:22:58,24,detikcom
512,video heboh ekor tikus asik main bangku bioskop,2020-02-27 14:18:33,0,liputan6dotcom
78,video inisiatif direktorat jenderal lindung jamin sosial kemensos,2020-03-05 15:17:00,0,republikaonline
320,video iring 3 mobil laju zig-zag underpass kentung sleman viral medsos video tiga mob,2020-03-02 07:32:57,1,detikcom
315,video iring tiga mobil laju zig-zag underpass kentung sleman ikut alun musik ala tiktok vira,2020-03-02 08:10:37,2,detikcom
313,video iring tiga mobil laju zig-zag underpass kentung sleman viral media sosial polisi me,2020-03-02 08:15:33,8,detikcom
517,video lihat orang ibu tengah interogasi duga culik fakta video nyata kejad,2020-02-27 12:33:04,4,detikcom
49,video mesum ajar heboh warga kabupaten subang video durasi 1 menit 30 detik duga per mer,2020-03-06 06:55:50,23,detikcom
437,video orang bapak jual es curi kotak susu kalong bikin netizen terenyuh bapak aku ta,2020-02-29 03:50:13,17,detikcom
125,video orang pasien bpjs sulit obat viral media sosial peristiwa kabar jadi buah,2020-03-05 07:44:21,13,detikcom
92,video pasien bpjs rasa sulit obat rsud dr soewandhi viral wadir layan medik awat,2020-03-05 13:13:41,2,detikcom
323,video pevita pearce unggah foto peluk justin bieber warganet heboh,2020-03-02 07:12:02,1,liputan6dotcom
25,video pria kaus kutang sama orang bocah menang histeris viral media sosial medsos polda lam,2020-03-06 18:12:05,2,detikcom
324,video ramai viral wisata ranu manduro tutup,2020-03-02 06:52:03,1,liputan6dotcom
23,video tampil asteroid tabrak bumi belakang gunung rapi tengah viral jadi perhati warga ja,2020-03-06 21:27:00,9,kompascom
253,video tampil orang pasien bawa ambulans tugas guna lindung pakai ma,2020-03-03 10:55:03,3,detikcom
465,video tayang aksi bully sama siswi smp viral media sosial bully jadi sumba barat daya n,2020-02-28 10:46:30,4,detikcom
79,video terjun payung darat mukim warga sidoarjo viral terjun nyasar salah darat ant,2020-03-05 14:51:03,6,detikcom
13,video unggah jilat es krim viral media sosial,2020-03-07 08:33:03,0,kompascom
529,video viral dia uni ranu manduro,2020-02-27 08:17:32,0,liputan6dotcom
234,video viral foto bapak borong mie instan fakta,2020-03-03 14:10:06,2,liputan6dotcom
526,video viral kemudi pukul sopir ambulans,2020-02-27 09:56:07,2,liputan6dotcom
15,video viral komedian jepang buat masker pakai,2020-03-07 07:18:34,1,liputan6dotcom
511,video viral mobil tabrak ibu hamil hingga jepit tiang listrik jelas polisi via,2020-02-27 14:40:15,0,tribunnews
185,video viral orang ibu pulang bank jambret sungkur uang rp 100 juta raib,2020-03-04 09:25:37,4,tribunnews
14,video viral ponorogo istri selingkuh hamil suami jadi tki korea rumah hancur via,2020-03-07 07:40:11,1,tribunnews
330,video viral rekam curi anjing pitbull bandung,2020-03-02 06:22:05,0,liputan6dotcom
446,video viral tunjuk jumlah motor keluh motor mogok isi bensin jl pramuka jakp,2020-02-28 14:42:49,26,detikcom
510,video viral wa group lihat jumlah ajar sd saling hadap saling kejar senjata,2020-02-27 14:43:02,16,kompascom
130,video wabah covid-19 buat orang enggan jabat tangan akhir salam ala wuhan wuhan shake me,2020-03-05 07:03:58,514,BBCIndonesia
408,viral 136 warga masuk jakarta kena virus corona pdei tak,2020-02-29 12:10:33,5,tempodotco
419,viral 7 ekspresi konyol anjing sukses bikin gemas netizen,2020-02-29 08:34:03,8,liputan6dotcom
406,viral aktifitas jumlah lurah jawa timur rebut nasi kotak buat jatim expo jadi laut sampah,2020-02-29 12:29:00,1,tribunnews
243,viral anak sma kendara mobil mewah tabrak kemudi ojek online,2020-03-03 12:43:33,6,liputan6dotcom
371,viral ayah sakit antar ambulans lihat anak nikah pesan menantu haru hajat penuh tangis,2020-03-01 09:25:52,2,tribunnews
434,viral bayi tunjuk wajah marah lahir dokter kali coba buat menang,2020-02-29 04:43:25,0,tribunnews
56,viral buah video buat masker tisu basah klaim jadi alternatif masker,2020-03-06 05:57:32,2,kompascom
219,viral celaka driver ojol anak sma kemudi range rover jogja begini fakta,2020-03-04 04:03:43,0,tribunnews
206,viral celaka driver ojol kemudi range rover polisi sebut anak sma milik sim a,2020-03-04 06:30:11,6,tribunnews
167,viral curhatan wanita beli masker harga rp 300 ribu nyata isi bekas,2020-03-04 12:10:32,8,liputan6dotcom
380,viral fb janda muda kawin bareng 3 anak gadis resepsi sama lapang bola via,2020-03-01 07:47:59,2,tribunnews
468,viral fenomena sawah didih sumenep madura ungkap sebut tak bahaya,2020-02-28 10:10:04,2,tribunnews
220,viral foto bapak borong mie instan fakta,2020-03-04 03:47:27,1,liputan6dotcom
391,viral foto bayi cemberut keluar perut sang ibu yang laku si dokter lewat,2020-03-01 04:47:50,2,tribunnews
502,viral foto mesum pak kades via,2020-02-28 01:23:19,0,tribunnews
397,viral foto pria pukul sopir ambulans kata anggota dpr fakta benar via,2020-03-01 01:55:19,0,tribunnews
39,viral foto seksi lucinta luna duga dalam sel sama napi benar kata polisi,2020-03-06 10:34:21,0,tribunnews
293,viral foto soeharto kendara yamaha nmax nyata edit,2020-03-02 12:36:10,0,tribunnews
396,viral foto video nikah empat pasang pengantin resepsi gelar lapang sepakbola kabupaten ciami,2020-03-01 03:18:59,43,detikcom
493,viral gadis cantik ketemu jodoh twitter pasca diputusin bukan cewek baik langsung nikah,2020-02-28 04:05:14,1,tribunnews
500,viral guru hukum orangtua murid rangkak keliling ruang kelas lihat video,2020-02-28 01:45:32,0,tribunnews
176,viral guru murid joget fortune cookies jkt 48 tonton video via,2020-03-04 10:28:18,0,tribunnews
147,viral hewan ternak dadak mati bekas perintah bilang,2020-03-05 02:31:04,3,tempodotco
353,viral ibu asal ciamis 3 putri meni beda hari gelar resepsi sama lapang bola,2020-03-02 00:11:36,2,tribunnews
409,viral informasi kena jumlah kota sebut bagai zona kuning sebar virus corona covid-19 indones,2020-02-29 11:38:13,38,detikcom
178,viral informasi nyata cara deteksi dini infeksi virus corona lalu tes fisik tiap pagi cara,2020-03-04 10:15:10,2,tempodotco
67,viral iran video duga tumpu mayat korban virus corona rekam tangkap polisi,2020-03-06 01:03:41,1,tribunnews
132,viral iran video tumpu mayat korban virus corona rekam tangkap pihak wajib,2020-03-05 06:45:31,1,tribunnews
152,viral istri damping suami meni di bulukumba,2020-03-04 23:58:50,1,liputan6dotcom
12,viral istri selingkuh hamil suami jadi tki korea sang suami marah roboh rumah,2020-03-07 09:15:38,3,tribunnews
395,viral jadi culi bayi usia lima bulan laku duga meghipnotis korban,2020-03-01 03:53:02,2,kompascom
466,viral jual es gepeng pergok curi susu bayi usia 6 bulan yang laku polisi,2020-02-28 10:28:39,1,tribunnews
457,viral jual es nekat curi susu bayi pergok polisi ganjar beri respons,2020-02-28 12:31:08,0,tribunnews
461,viral jual es nekat curi susu bayi pergok polisi ganjar beri respons via,2020-02-28 11:07:48,0,tribunnews
165,viral jual sembako tak naik harga tengah panik corona banjir puji,2020-03-04 12:18:01,11,liputan6dotcom
352,viral kabar 136 orang awas kait virus corona jelas menteri sehat,2020-03-02 00:15:51,1,tribunnews
487,viral kabar soal jackie chan aktor hong kong positif kena virus corona covid-19 lalu akun media sosial,2020-02-28 04:51:23,19,detikcom
494,viral kabar soal jemaah indonesia tolak masuk arab saudi bagi antara positif virus corona,2020-02-28 03:33:02,18,detikcom
299,viral kabar virus corona tangkal ramu jahe sebut mpon-mpon empon-empon,2020-03-02 11:27:00,15,kompascom
260,viral kedai makan puas bayar ikhlas ferdiansyah konsep ajar ngajarin ikhlas,2020-03-03 07:55:30,0,tribunnews
537,viral kemudi mobil pribadi bintaro hadang ambulans bawa pasien lalu pukul sopir,2020-02-27 04:21:14,0,tribunnews
499,viral kisah 6 kakak adik jadi yatim piatu hari bagaimana nasib sekarang,2020-02-28 01:46:06,3,tribunnews
504,viral kisah 6 kakak adik jadi yatim piatu hari bagaimana nasib sekarang via,2020-02-28 00:35:58,2,tribunnews
10,viral kisah siswanto sintas kanker darah pergi desa desa dapat masker,2020-03-07 09:51:54,4,tribunnews
489,viral mahasiswi ui alami leceh seksual kampus tugas aman justru salah korban,2020-02-28 04:36:52,9,tribunnews
495,viral main game snake ponsel jadul nokia gak nahan endingnya,2020-02-28 03:00:03,1,VIVAcoid
341,viral makeup pengantin tiup asap rokok warganet buat penasaran,2020-03-02 04:25:34,0,tribunnews
240,viral masker gas jubir khusus corona achmad yurianto kalau mau karnaval kali pakai gitu via,2020-03-03 13:22:42,1,tribunnews
177,viral media sosial jumlah wali murid datang pondok pesantren al mujtahadah pekanbaru tidak terima,2020-03-04 10:27:00,2,kompascom
336,viral medsos 5 potret ramai ranu manduro ngoro mojokerto kunjung warga,2020-03-02 05:12:05,0,liputan6dotcom
221,viral medsos novel the eyes of darkness terbit tahun 1981 prediksi sebar virus corona,2020-03-04 03:24:03,1,tribunnews
332,viral medsos pandang bawah laut hias atap mall semarang via,2020-03-02 05:36:24,0,tribunnews
266,viral medsos tumpang pesawat kelas satu laku jorok kursi via,2020-03-03 06:39:36,0,tribunnews
143,viral medsos tumpang tangkap coba buka pintu darurat pesawat via,2020-03-05 04:39:22,1,tribunnews
148,viral milik toko tolak beli panic buying mau borong dagang meski bayar lebih mahal,2020-03-05 02:29:28,6,tribunnews
496,viral minum padu es kopi kecap jadi buru langgan penasaran coba,2020-02-28 02:55:38,2,tribunnews
307,viral mpon-mpon sebut tangkal virus corona begini jelas ahli sehat via,2020-03-02 09:47:25,2,tribunnews
89,viral nikah siri perempuan bengkulu begini kronologi via,2020-03-05 13:32:58,0,tribunnews
424,viral orang janda kompak meni sama tiga anak gadis resepsi gelar lapang bola,2020-02-29 07:46:28,4,tribunnews
20,viral orang pemuda hasil raih gelar sarjana dagang sayur keliling biaya kuliah,2020-03-07 03:04:32,36,tribunnews
135,viral orang wanita curhat jadi korban beli masker bekas apotek polisi turun tangan lewat,2020-03-05 06:21:21,1,tribunnews
450,viral orang wni taiwan main tiktok diri rawat virus corona,2020-02-28 14:15:55,1,tribunnews
164,viral palembang pura jadi psk bisa curi harta pria hidung belang modus klasik,2020-03-04 12:36:30,0,tribunnews
344,viral pandang bawah laut atap mall walikota semarang daya tarik baru segera tambah via,2020-03-02 04:02:17,0,tribunnews
18,viral pasang pengantin pilih bulan madu tour jawa-bali pakai sepeda motor modal cuma rp 6 juta,2020-03-07 04:36:26,2,tribunnews
214,viral pasien duga corona tangan rs serang kata rumah sakit,2020-03-04 05:38:03,1,VIVAcoid
279,viral pasien sukabumi tinggal isolasi rs walikota sebut tentu virus corona lewat,2020-03-03 01:28:17,0,tribunnews
21,viral pengantin baru pilih bulan madu keliling jawa bal sepeda motor rp 6 juta,2020-03-07 02:51:26,13,tribunnews
436,viral perempuan asal indonesia positif kena virus corona nekat main tik tok rumah sakit,2020-02-29 04:35:19,1,tribunnews
276,viral pidato menteri sehat singapura gan kim yong soal virus corona henti sentuh wajah lewat,2020-03-03 02:54:13,10,tribunnews
421,viral potret bayi tunjuk ekspresi marah lahir dokter usaha buat menang,2020-02-29 08:27:56,4,tribunnews
388,viral pria indonesia hasil video call jennie blackpink via,2020-03-01 06:19:51,2,VIVAcoid
275,viral ranu manduro banyak kunjung warga penasaran bahkan ramai ranu manduro sempat menja,2020-03-03 03:23:03,3,kompascom
322,viral ranu manduro makin ramai kunjung wisatawan bagai daerah bahkan akhir pekan mar,2020-03-02 07:15:00,2,kompascom
246,viral resepsi nikah banjir tangis sukabumi mertua datang bareng ambulans kondisi milu,2020-03-03 11:44:33,0,tribunnews
3,viral rumah roboh istri selingkuh hingga hamil suami jadi tki kata polisi,2020-03-07 12:26:22,1,tribunnews
194,viral selebgram gelar pesta ultah ujung ngeri suami rekan tewas gegara es kering kronologi,2020-03-04 08:10:19,0,tribunnews
505,viral sewa tinggal rumah ada rusak kotor biaya baik capai ratus juta via,2020-02-28 00:35:07,1,tribunnews
142,viral snaps is the name of the game tiktok begini cara jawab tebak jentik jari,2020-03-05 04:42:32,0,tribunnews
479,viral sopir truk tabrak babi papua polisi turun tangan,2020-02-28 07:30:05,8,VIVAcoid
151,viral sosok susanna indriyani milik toko tolak beli borong dagang orang kecil lewat,2020-03-05 00:51:03,17,tribunnews
401,viral stiker call center palsu atm bni tutup nominal pecah uang duga modus tipu via,2020-02-29 22:46:09,3,tribunnews
449,viral surat larang kucing lingkung kampus natha satwa nusantara angkat bicara,2020-02-28 14:17:11,0,tribunnews
431,viral tank baja kabur kejar mobil taktis,2020-02-29 06:02:32,9,VIVAcoid
129,viral tiga siswa tega aniaya guru injak kepala hingga lempar kursi begini kronologi via,2020-03-05 07:29:04,1,tribunnews
273,viral tisu basah jadi masker cegah corona aman begini tanggap dokter spesialis paru,2020-03-03 03:57:37,0,tribunnews
286,viral tisu basah jadi masker cegah corona aman begini tanggap dokter spesialis paru via,2020-03-02 13:56:58,1,tribunnews
199,viral tugas sehat kena anti-virus evakuasi hewan mati dadak bekas,2020-03-04 07:31:05,0,tribunnews
171,viral tugas sehat kena anti-virus evakuasi hewan mati dadak bekas via,2020-03-04 11:49:07,3,tribunnews
170,viral tugas sehat kena anti-virus evakuasi hewan mati dadak bekas vrial,2020-03-04 11:52:33,0,tribunnews
486,viral turis brasil taruh nyawa buah foto duduk pinggir tebing setinggi 914 meter via,2020-02-28 05:21:53,0,tribunnews
278,viral twitter jual tawar masker 325 ribu per box panen kritik netizen,2020-03-03 02:00:55,6,tribunnews
124,viral undang nikah desain unik herru adi bikin sendiri kurang lebih 2 jam,2020-03-05 07:51:27,0,tribunnews
217,viral undang nikah unik pasang bikin geleng kepala,2020-03-04 04:39:23,11,liputan6dotcom
232,viral unggah foto tulis sampai informasi celaka lalu lintas buah mobil drive,2020-03-03 14:17:29,8,detikcom
88,viral unggah sesal istri judika bcl menang indonesian idol suami salah via,2020-03-05 13:33:38,0,tribunnews
265,viral video aksi remaja rekam bawah rok wanita antre atm bandung,2020-03-03 07:10:10,0,tribunnews
249,viral video aksi remaja rekam bawah rok wanita antre atm bandung via,2020-03-03 11:19:02,0,tribunnews
63,viral video area ka bah kosong melompong tutup arab saudi virus corona lewat,2020-03-06 04:33:41,0,tribunnews
34,viral video asteroid tabrak gunung rapi undang bagai reaksi pascaerupsi gunung pada selasa lalu lap,2020-03-06 11:51:05,10,kompascom
490,viral video celaka wanita hamil tabrak mobil duga kemudi salah injak pedal rem,2020-02-28 04:25:59,0,tribunnews
189,viral video guru pesantren labrak wali murid tak terima anak keluar begini kronologi,2020-03-04 09:14:24,0,tribunnews
497,viral video guru rangkak keliling kelas hukum orangtua murid tahan malu lihat semua siswa,2020-02-28 02:12:30,20,tribunnews
404,viral video isi nomor call center bni provider simpati jelas bni,2020-02-29 13:40:32,5,kompascom
248,viral video jual asong cacat usir satpam pukul kepala hingga kaki tendang via,2020-03-03 11:27:42,15,tribunnews
425,viral video kakek usia 103 tahun nikah wanita usia 30 tahun papah tuju pelamin lewat,2020-02-29 07:41:28,1,tribunnews
536,viral video lucu banjir jakarta emak-emak syuting tiktok hingga anak terombang-ambing atas wajan,2020-02-27 04:22:45,0,tribunnews
513,viral video mobil tabrak wanita hamil polisi sebut korban tinggal dunia usai rawat via,2020-02-27 14:15:14,0,tribunnews
533,viral video orang anak pukul tendang kepala ibu nyata masalah,2020-02-27 06:53:15,3,tribunnews
84,viral video risma marah ganjar pranowo usah emosi mbak,2020-03-05 14:13:54,0,tribunnews
4,viral video suami roboh rumah istri duga selingkuh tinggal jadi tki korea lewat,2020-03-07 11:46:33,4,tribunnews
530,viral video tampil pengantin wanita pimpin konvoi sepeda motor nikah pengantin wanita terse,2020-02-27 07:59:18,5,detikcom
8,viral video tki korea datang buldoser roboh rumah tak terima istri hamil sama cowok,2020-03-07 11:13:22,1,tribunnews
438,viral video warga nekat seberang sungai banjir gotong peti jenazah kasih jembatan via,2020-02-29 03:43:11,4,tribunnews
114,viral wanita beri kado ultah suami 4 kupon tak duga,2020-03-05 09:25:32,0,liputan6dotcom
506,viral wanita hamil tabrak mobil depan mata suami sendiri jadi rekam cctv,2020-02-28 00:26:23,0,tribunnews
381,viral wanita lempar ponsel karyawannya main tik tok jam kerja,2020-03-01 07:18:03,1,liputan6dotcom
402,viral warga bogor infeksi virus corona dinas sehat hoax,2020-02-29 14:19:32,5,tempodotco
91,viral warung sembako tak naik harga panic buying sisih barang hingga ajak beli doa,2020-03-05 13:23:47,0,tribunnews
366,viral wisuda bawa sayur dagang pemuda karanganyar motivasi pemuda tak batas asal mau via,2020-03-01 11:06:19,4,tribunnews
122,virus corona covid-19 pertama kali wabah warga wuhan saling semangat ria wuhan jiayou kini,2020-03-05 08:00:26,15,detikcom
295,virus corona sedang heboh indonesia telah dua wni positif identifikasi virus sebut,2020-03-02 12:26:35,6,detikcom
361,wah ibu gelar nikah bareng 3 putri resepsi ramai lapang bola kisah viral via,2020-03-01 13:34:16,4,tribunnews
475,wakil presiden ma ruf amin hingga ini ada bahas soal rencana reshuffle kabinet,2020-02-28 08:15:04,0,kompascom
29,wanita ajak kencan usai tisu momen panic buying kisah viral,2020-03-06 14:44:03,2,liputan6dotcom
184,wanita bagi foto cincin tunang facebook sayang desain cincin tunang hujat mirip kelamin,2020-03-04 09:34:12,4,detikcom
394,warga camat purwodadi grobogan buat heboh sembur air campur material upa lumpur batu bag,2020-03-01 04:42:25,7,detikcom
241,warga ciamis buat heboh temu sosok misterius duga rupa tuyul sosok ada da,2020-03-03 13:18:35,19,detikcom
456,warga kota manado tadi pagi geger informasi kasus culi anak depan sd negeri 36 manado begini faktany,2020-02-28 12:35:27,2,detikcom
207,warga mamuju tengah sulawesi barat sempat heboh temu bakso campur benda duga ekor tikus,2020-03-04 06:10:02,0,kompascom
454,wni sebut status bangsal isolasi kota taipei lalu siar langsung facebook tik tok gt,2020-02-28 12:59:00,1,kompascom
447,wni sebut status lalu siar langsung facebook tiktok bangsal rumah sakit isolasi kota t,2020-02-28 14:41:00,6,kompascom
284,wolverine film x-men arif lokal nyata asli toraja sulawesi viral facebook,2020-03-02 14:11:32,2,tribunnews
